scenario,seed,status,completed,collisions,boundaryViolations,elapsedSeconds,progressPercent,distanceMetres,minClearanceMetres,replans,meanReplanMs,p95ReplanMs,maxReplanMs,curvatureRms,lateralAccelerationRms,jerkRms,emergencyStops
village,1,completed,true,0,0,56,100,137.40109174787062,0.643874546014748,187,1.0809550802139043,2.4790999999999883,7.6813,0.059628951466911086,0.3592520611503448,7.898131514134007,5
village,2,completed,true,0,0,51.7,100,137.735833780183,0.6844644031111021,173,0.6704630057803449,1.3740000000000236,2.3240000000000123,0.059854827292921194,0.45999157153814657,2.0089867400444557,0
village,3,completed,true,0,0,53,100,137.55271326104724,0.6745579269597735,177,0.6576960451977429,1.2533000000000243,2.946799999999996,0.058395042763739684,0.3973551868698994,4.896866901782762,1
village,4,completed,true,0,0,52.300000000000004,100,137.34117940885977,0.6759038525455964,175,0.606122285714288,1.1073000000000093,2.042599999999993,0.05066802198794866,0.4523218175397895,5.193305948254108,2
village,5,completed,true,0,0,52.900000000000006,100,137.6227703542037,0.6775848893061039,177,0.6185649717514111,1.2314999999999827,3.4646999999999935,0.06251620176853621,0.39400094098150096,5.381768712950391,2
village,6,completed,true,0,0,56.300000000000004,100,137.09851976051536,0.6676179733746977,188,0.5314063829787264,0.9412000000000944,1.8435000000000628,0.055860646910767524,0.3338334139859143,7.8810000127101505,4
village,7,completed,true,0,0,53.400000000000006,100,137.40109096712055,0.6747538480544991,178,0.5708606741573072,0.9963000000000193,1.510499999999979,0.06278342021621748,0.39953201731745724,4.883911867047207,2
village,8,completed,true,0,0,52.800000000000004,100,137.57046027830256,0.7501581665117213,176,0.5851420454545448,1.0414999999998145,3.2228999999999814,0.053837996974731926,0.40068249609151535,6.498334095167496,3
village,9,completed,true,0,0,51.2,100,137.55691798562452,0.6898667809296809,171,0.570139766081879,1.0335999999999785,1.386299999999892,0.049125606975543655,0.4519032834200318,2.2118072090604404,0
village,10,completed,true,0,0,50.300000000000004,100,137.96544602359964,0.6580190377811622,168,0.6174005952381013,1.1122000000000298,2.733299999999872,0.05642937958807612,0.442159092498866,2.197709628156022,0
village,11,completed,true,0,0,52.6,100,137.40152318815112,0.6765644049042093,176,0.6405306818181835,1.1492000000000644,2.6130000000000564,0.06332379718511527,0.4067584109300888,4.9389274708533675,1
village,12,completed,true,0,0,54.7,100,137.62081943540448,0.65478848912344,183,0.533999453551915,1.0256000000001677,1.5189000000000306,0.05334524117812428,0.4272335942771024,5.2863640897645645,3
village,13,completed,true,0,0,58.1,100,137.24959205001554,0.642967678988181,194,0.5191180412371161,0.8634999999999309,1.8863999999998668,0.05708681001544528,0.3355250725609421,6.264414545450888,3
village,14,completed,true,0,0,50.7,100,138.08356253072932,0.696728420875172,169,0.5620698224851953,1.1797999999998865,1.5731000000000677,0.06155233636810879,0.44843280421478676,4.591374239767772,1
village,15,completed,true,0,0,51.1,100,137.6951591612284,0.7041965422011965,171,0.5507216374269066,1.1496999999999389,1.8049999999998363,0.06073935857338172,0.4600725332973606,2.1689657760668855,0
village,16,completed,true,0,0,58.5,100,137.47950429940937,0.6657570165439074,195,0.5192482051282136,1.070600000000013,1.7039999999999509,0.0505773513838861,0.2508130386023423,8.247754029523776,6
village,17,completed,true,0,0,50.900000000000006,100,137.83652655098612,0.737059389015256,170,0.5326723529411739,0.8217999999999392,1.952099999999973,0.050439691597882814,0.4873251543609612,2.2339833945052168,0
village,18,completed,true,0,0,54.400000000000006,100,137.60214250966666,0.6632422866727562,182,0.5326686813186687,0.937099999999873,1.8710000000000946,0.05490880655971395,0.3969021811776263,6.401177386796436,2
village,19,completed,true,0,0,54.6,100,137.3269455148077,0.6707263980617634,182,0.5453038461538764,0.909900000000107,1.2399999999997817,0.06187273122296833,0.3680372444452021,6.749500158500404,4
village,20,completed,true,0,0,51.7,100,137.8741002238193,0.7022472580285163,173,0.5525028901734292,0.8939000000000306,1.8519000000001142,0.05987690694823976,0.4436686316229479,2.0593922792998782,0
intersection,1,completed,true,0,0,25.8,100,136.15785132992988,1.2598623551281065,86,0.6741302325581061,1.3260000000000218,2.4553000000000793,0.010879865408576503,0.4063849843957767,1.2777481943160123,0
intersection,2,completed,true,0,0,28.400000000000002,100,136.63974379900566,0.8670764441873476,95,0.5039463157894907,0.767399999999725,1.6697999999996682,0.05130969247058515,0.3720754567399336,1.432136707911519,0
intersection,3,completed,true,0,0,28.3,100,136.7653147220975,0.891993087631444,95,0.49849684210528145,0.760899999999765,1.5808000000001812,0.04881936797913949,0.38472945219598065,1.2977690182856905,0
intersection,4,completed,true,0,0,29.1,100,136.57261558508273,0.8149896546702261,97,0.4695020618556817,0.5733000000000175,2.0492999999996755,0.04717954762243405,0.4622285262594338,1.4171555272429976,0
intersection,5,completed,true,0,0,28.700000000000003,100,136.91170298444112,0.7787273633684965,96,0.5095937500000266,0.8049999999998363,1.9157000000000153,0.04684112940530414,0.3982115863443711,1.244430974168346,0
intersection,6,completed,true,0,0,27.900000000000002,100,136.0004636035349,0.8130827184710635,93,0.4845064516129173,0.6503999999999905,1.3066000000003442,0.04747667922255701,0.3939625338188807,1.3486721372482038,0
intersection,7,completed,true,0,0,28.5,100,136.7676315579873,0.8584850996753496,95,0.54175052631579,0.955199999999877,1.8204000000000633,0.05734573059470437,0.41802543438440654,1.4172532190951532,0
intersection,8,completed,true,0,0,25.700000000000003,100,136.28261817096464,1.1622309451449868,86,0.46458720930231295,0.6338000000000648,1.2138999999997395,0.011010508727423705,0.3741982677051835,1.1969449038455255,0
intersection,9,completed,true,0,0,28.400000000000002,100,136.91167270502925,0.8910595381573029,95,0.4976515789473859,0.7348000000001775,1.586999999999989,0.04929538034815896,0.4037149067486148,1.2509869647488956,0
intersection,10,completed,true,0,0,27.8,100,136.38432365682,0.8513176480250965,93,0.5342161290322824,1.0408000000002176,1.576600000000326,0.064724121635949,0.44499054226800233,1.4381860756305767,0
intersection,11,completed,true,0,0,28,100,136.67495896223906,0.9204435844604498,94,0.5005212765957541,0.914299999999912,1.2053999999998268,0.047916857306801744,0.41336593014748935,1.3106177118456854,0
intersection,12,completed,true,0,0,25.700000000000003,100,136.28261817096467,1.2899089567976731,86,0.521982558139524,0.7771999999999935,1.3593999999998232,0.011198702402624416,0.3896310892552568,1.1969449038455255,0
intersection,13,completed,true,0,0,29.5,100,136.01196881550905,0.8476335397319382,99,0.52457474747475,0.9753000000000611,1.5740000000000691,0.044517059706931206,0.34976111733377524,1.2904523936793755,0
intersection,14,completed,true,0,0,28.1,100,136.8898744340165,0.8160924632382586,94,0.49919148936172125,0.882600000000366,1.326300000000174,0.05060492294150576,0.42483289459641793,1.3396075488715817,0
intersection,15,completed,true,0,0,28.8,100,136.79104558447258,0.8760407863463192,96,0.49688333333332935,0.9048000000002503,1.5286999999998443,0.048259728105362755,0.4014355578973585,1.293113426311671,0
intersection,16,completed,true,0,0,28.1,100,136.28709615928446,0.8949157154526793,94,0.5563840425531907,1.1771000000003369,1.8451000000000022,0.04941391613159081,0.4205293232429425,1.254563381088041,0
intersection,17,completed,true,0,0,25.700000000000003,100,136.44415699513783,1.2922778219866013,86,0.5211534883721078,0.8539999999998145,1.714600000000246,0.011181143325316794,0.4016222528044599,1.2809025254073796,0
intersection,18,completed,true,0,0,25.5,100,135.82597406033923,1.1155700895907712,85,0.5224376470588301,0.8047999999998865,1.6790000000000873,0.016008882878528957,0.37705350036250096,1.2012042817693007,0
intersection,19,completed,true,0,0,25.6,100,135.81012387044385,1.2330337663199495,86,0.545710465116266,0.965099999999893,1.375,0.01202057566089789,0.38858645301807687,1.2743478980826912,0
intersection,20,completed,true,0,0,25.6,100,136.0174417533981,1.1770044321777204,86,0.538402325581411,0.9607999999998356,1.9205999999999221,0.013172438285420226,0.38401393188803173,1.3630086479104888,0
merge,1,completed,true,0,0,37.4,100,201.97677281573624,1.1054157992677558,125,0.6729424000000035,1.5260999999995875,2.550699999999779,0.02358987130691253,0.5334486099389348,1.8576989772760404,0
merge,2,completed,true,0,0,36.7,100,201.53425619469493,1.398555699770978,123,0.4386650406504043,0.6545999999998457,1.5515000000000327,0.018584317252858525,0.40499875556844867,2.082300655787601,0
merge,3,completed,true,0,0,37.2,100,201.6090271455997,1.3410487918968155,124,0.5049169354838597,0.8350000000000364,1.466399999999794,0.02113600163442063,0.4356399983924899,2.1053698841236455,0
merge,4,completed,true,0,0,30.700000000000003,100,202.43022542699086,1.3704837632088926,103,0.496400970873787,0.803899999999885,1.1929000000000087,0.023313914380624787,0.6388983678247038,1.8703885467212524,0
merge,5,completed,true,0,0,36.6,100,202.65622296308862,1.6279794954293,122,0.4767540983606575,0.8058999999998377,1.5252000000000407,0.020416639083751697,0.5029938560230944,2.026364594240096,0
merge,6,completed,true,0,0,35.4,100,201.7421133082395,1.357665802391618,118,0.48063050847456723,0.7889000000000124,2.0281999999997424,0.018356028391791096,0.45090021723380164,2.0132480997097764,0
merge,7,completed,true,0,0,35.5,100,201.63191817751124,1.0724098181387989,119,0.4609957983193186,0.9447000000000116,1.7083999999999833,0.02268928153497677,0.45546746030371094,2.0154912658831035,0
merge,8,completed,true,0,0,36.5,100,202.48958030754778,1.0882599412622387,122,0.45251311475413175,0.7518000000000029,1.6039999999998145,0.019684087347413677,0.46244679452198845,1.918845912163058,0
merge,9,completed,true,0,0,34.9,100,201.79389250408232,1.233280649502948,117,0.4915606837607073,0.9564000000000306,1.5153999999997723,0.019422998449406863,0.4974562231588761,2.074028922711999,0
merge,10,completed,true,0,0,36.2,100,202.1119044857771,1.0035013441837108,121,0.43477107438017004,0.7728000000001884,1.5884000000000924,0.024611130203338327,0.5450500537537791,1.962488489407688,0
merge,11,completed,true,0,0,36.6,100,202.63822585743532,0.9002056574353849,122,0.4360999999999936,0.6852999999996428,1.5850000000000364,0.022287439659923223,0.5518561047886559,1.8349929400926264,0
merge,12,completed,true,0,0,36.7,100,201.75165947813653,1.1770727696851706,123,0.4512089430894169,0.7239999999997053,1.3627000000001317,0.023726276996423882,0.6137870163368656,1.8582768060241701,0
merge,13,completed,true,0,0,32.300000000000004,100,202.50294610986708,1.0249111271996192,108,0.45562870370372366,0.737699999999677,1.9101000000000568,0.02283945441665296,0.6151550604279449,1.8129882153708023,0
merge,14,completed,true,0,0,37,100,202.14268455827403,1.1000806792277524,124,0.7838475806452005,1.3907999999996719,3.9365999999999985,0.01813186620002729,0.4208799248135421,1.9435097966183144,0
merge,15,completed,true,0,0,37.4,100,201.74527868048477,1.3834566283111096,125,0.5164223999999813,1.168999999999869,1.7368999999998778,0.021134536645198036,0.5617076977052955,2.0277254792995065,0
merge,16,completed,true,0,0,37.4,100,202.63293369040068,1.6436797828299357,125,0.44539120000001275,0.6972999999998137,1.6109999999998763,0.029768127670793284,0.6245103014140777,1.8544973882522808,0
merge,17,completed,true,0,0,36.5,100,201.6041765318848,0.9733620972480246,122,0.45329672131143883,0.7268999999996595,1.4699000000000524,0.018675983439362335,0.41237833041811733,1.9591129570991805,0
merge,18,completed,true,0,0,36.6,100,202.24067350220727,1.3443346259566056,122,0.5323352459016427,0.8402000000005501,1.7136000000000422,0.018044972668134405,0.4341181882613716,2.0059043460333545,0
merge,19,completed,true,0,0,37.2,100,202.63084516294154,1.3079737505575206,124,0.43310645161289857,0.7136000000000422,1.5313999999998487,0.03097831849010068,0.6060309919056324,1.8787803655876616,0
merge,20,completed,true,0,0,37.2,100,201.64564481709658,1.442231817104715,124,0.47068467741932946,0.876299999999901,1.8530000000000655,0.02019626007984067,0.4454994954203031,2.0702934932334065,0
market,1,completed,true,0,0,41.800000000000004,100,113.9002399251603,0.7843830666307156,140,0.9206064285714092,2.059900000000198,3.704099999999926,0.048550881137825457,0.4239996298636201,1.756933649339162,0
market,2,completed,true,0,0,48.7,100,114.02606594736865,0.8732238879581654,163,0.7653239263803687,1.3388999999997395,2.0245999999997366,0.04562347030901823,0.368888572923167,1.5459954315710875,0
market,3,completed,true,0,0,41.2,100,113.68319845924944,0.7685597995469563,138,0.7973884057971151,1.4438000000000102,2.2726000000002387,0.051637063345069116,0.422234357044431,1.6525225876358913,0
market,4,completed,true,0,0,43.5,100,113.60175962208208,0.82359271006371,145,0.776481379310387,1.3711000000002969,2.266099999999824,0.049725767902083426,0.3912756015515583,1.7230387858526415,0
market,5,completed,true,0,0,44,100,113.56142650535807,0.9384169456503195,147,0.7878394557823487,1.317599999999402,1.869300000000294,0.056514720605335786,0.4052539665618823,1.6424715995076296,0
market,6,completed,true,0,0,40.800000000000004,100,113.74864573450743,0.7341321635591206,136,0.8165602941177079,1.456600000000435,2.2978000000002794,0.048965992818611505,0.40775393320069064,1.7926746239477596,0
market,7,completed,true,0,0,41.5,100,113.88309804531126,0.7854229702239989,139,0.7931597122302368,1.5366999999996551,2.5285000000003492,0.0464845363429534,0.40736220411351076,1.781053118586312,0
market,8,completed,true,0,0,48.300000000000004,100,113.73298464938095,1.014796821058793,161,0.7383782608696029,1.266899999999623,1.8171000000002095,0.05050335192751781,0.36533941026777295,1.6388826884107286,0
market,9,completed,true,0,0,44.1,100,113.26612668800274,1.1115623853888974,147,0.8338401360543951,1.492099999999482,2.928200000000288,0.0506284568242796,0.3978159717763078,1.655756748211349,0
market,10,completed,true,0,0,41.7,100,113.91191989989572,0.8366866338119,139,0.806540287769736,1.3771999999999025,2.315599999999904,0.04848744929886775,0.40124682707703235,1.6850668963688478,0
market,11,completed,true,0,0,43,100,113.77442070781515,0.8359775566494715,144,0.7753923611111431,1.2856000000001586,2.4049999999997453,0.053918745867328394,0.4162630967184877,1.6828204512052636,0
market,12,completed,true,0,0,48.400000000000006,100,113.97277362665517,1.0986980303740483,162,0.7651814814815079,1.2937999999994645,2.368999999999687,0.05256130767811474,0.39789334132152393,1.5586448232186385,0
market,13,completed,true,0,0,43,100,113.98204649290633,0.8638328402947669,144,0.7910520833333092,1.5034000000005108,2.0901999999996406,0.047076730560067635,0.3913674002449626,1.6983991061973094,0
market,14,completed,true,0,0,41.2,100,113.44426842766354,0.7538130803405306,138,0.7577173913043318,1.2458999999998923,2.9057999999995445,0.042960253774379356,0.37212756813878445,1.8330315651302487,0
market,15,completed,true,0,0,44.1,100,113.53973035964998,1.0567185468996745,147,0.7729272108843386,1.3467000000000553,2.4543000000003303,0.04671063416933557,0.37272948650541654,1.686080901256009,0
market,16,completed,true,0,0,44.1,100,113.43917673699119,1.1104594198613316,147,0.7938544217687089,1.384200000000419,1.9637000000002445,0.0461326658632096,0.36420381727082524,1.6715107357540493,0
market,17,completed,true,0,0,40.1,100,112.88865142733884,0.8106460801041252,134,0.9265052238805657,1.6445000000003347,2.0018999999992957,0.05637594871002718,0.4412397040528908,1.6490172556612193,0
market,18,completed,true,0,0,43.400000000000006,100,113.92300958768105,0.9532069564549892,145,0.9118193103448934,1.4979999999995925,2.633600000000115,0.047212664611704896,0.36380092532468605,1.7372310633982246,0
market,19,completed,true,0,0,44.400000000000006,100,113.6656568947001,0.9804278104596587,148,0.8472925675675371,1.5434999999997672,3.260400000000118,0.04105687834958753,0.3415362644102841,1.5953049536029782,0
market,20,completed,true,0,0,43.6,100,113.57905535731005,0.9809849270402204,146,0.9436369863013493,1.9266000000006898,5.313099999999395,0.04783692028552992,0.3615631359769404,1.5562578506235298,0
cattle,1,completed,true,0,0,24.1,100,141.35023141148662,0.9719678996707364,81,0.9723358024691185,1.8711999999995896,3.3661000000001877,0.02872544103527058,0.4718379086372921,1.2337736529207157,0
cattle,2,completed,true,0,0,24.1,100,141.35023141148673,1.0606366543646883,81,0.579064197530886,0.8627999999998792,1.7265000000006694,0.024434160527295322,0.44573744328104886,1.2337736529207157,0
cattle,3,completed,true,0,0,24.5,100,141.1904099267915,1.0762161674156365,82,0.6206914634147147,1.0560999999997875,2.1507000000001426,0.025638399603257447,0.4488330014357447,1.223661338872209,0
cattle,4,completed,true,0,0,24,100,140.55023141501462,1.1265399814008346,80,0.6502437500000269,1.0039999999999054,1.8472000000001572,0.019106864495196194,0.48706003654748437,1.2363413428010077,0
cattle,5,completed,true,0,0,23.8,100,140.6300423148836,0.8604356811325893,80,0.6886450000000309,1.0842000000002372,2.0654999999997017,0.01781865693253325,0.4940104706678687,1.241524452561868,0
cattle,6,completed,true,0,0,24,100,140.55023141501445,1.0259419202557014,80,0.7130400000000122,1.4528000000000247,2.3864999999996144,0.018584659186074343,0.469419334753162,1.2363413428010077,0
cattle,7,completed,true,0,0,24.3,100,141.27034349332746,0.975736475134382,81,0.649313580246913,0.948500000000422,2.855500000000575,0.020539693193901535,0.4288796115178539,1.228686372789307,0
cattle,8,completed,true,0,0,24.5,100,141.19040992679155,1.1863542992239742,82,0.6735121951218854,1.5380999999997584,2.177599999999984,0.020226375252527736,0.4324734059890834,1.223661338872209,0
cattle,9,completed,true,0,0,24.1,100,141.35023141148667,1.0402611865591505,81,0.64200493827162,1.015400000000227,2.301300000000083,0.024629916554198057,0.4170440714604113,1.2337736529207157,0
cattle,10,completed,true,0,0,24.5,100,141.19040992679146,1.1051789039355722,82,0.6200158536585926,1.022200000000339,2.0937000000003536,0.019345668685178,0.4612308878298954,1.223661338872209,0
cattle,11,completed,true,0,0,23.900000000000002,100,140.73087022563647,0.912832138536988,80,0.6388700000000199,1.3190999999997075,2.2303000000001703,0.020169630306847274,0.41583932632985415,1.3286079781956073,0
cattle,12,completed,true,0,0,24.3,100,141.27034349332746,1.157871085932082,81,0.6363888888888961,1.4678000000003522,2.34020000000055,0.021505018272811784,0.42867232482712714,1.228686372789307,0
cattle,13,completed,true,0,0,24.3,100,141.27034349332763,1.1892453219135115,81,0.6402716049382614,1.2124999999996362,2.6270000000004075,0.0233611184448103,0.4293354114835271,1.228686372789307,0
cattle,14,completed,true,0,0,24,100,140.55023141501445,1.0923803564076762,80,0.5880474999999705,0.9183000000002721,1.9549000000006345,0.017580515913568778,0.4699671914129365,1.2363413428010077,0
cattle,15,completed,true,0,0,24.5,100,141.19040992679155,1.1241330973224306,82,0.6381682926829543,1.3037999999996828,1.641899999999623,0.02576224651739482,0.4520816830766645,1.223661338872209,0
cattle,16,completed,true,0,0,24.1,100,141.35023141148676,0.9748127324160443,81,0.5752308641975128,0.8777000000000044,2.151799999999639,0.0232648903799887,0.43664629533200877,1.2337736529207157,0
cattle,17,completed,true,0,0,24,100,140.55023141501448,1.0190292835326833,80,0.6426775000000248,0.980199999999968,2.8486999999995533,0.018080307115973807,0.46945570399216713,1.2363413428010077,0
cattle,18,completed,true,0,0,24.1,100,141.35023141148667,1.0010043209641175,81,0.6285259259259504,1.1030000000000655,2.0289999999995416,0.021486161782371282,0.4715990911315141,1.2337736529207157,0
cattle,19,completed,true,0,0,24.1,100,141.3502314114867,1.026893776408075,81,0.5885320987653818,1.0954000000001543,1.7812999999996464,0.02373300843744834,0.43712833577511095,1.2337736529207157,0
cattle,20,completed,true,0,0,24.3,100,141.27034349332746,1.0147010705272654,81,0.5842592592592682,1.0633000000007087,2.0534000000006927,0.020764132056171166,0.43161775065200164,1.228686372789307,0
